Model Type,Data Type,Dataset,hyperparams,AUC
MAML_FFNN,Abundance,Obesity,"[0.04594263076782227, 0.06310576213598251, 256, 64, 32, 0.1, 8]",0.5556818181818182
MAML_FFNN,Abundance,Colorectal,"[0.07510607057213783, 0.005051351699233056, 128, 256, 32, 0.1, 8]",0.8
MAML_FFNN,Abundance,IBD,"[0.041233803039789206, 0.05487973393201828, 512, 256, 32, 0.5, 2]",0.7764705882352941
MAML_FFNN,Abundance,EW-T2D,"[0.09837286032438279, 0.04504872871637345, 256, 128, 32, 0.1, 2]",0.5555555555555556
MAML_FFNN,Abundance,C-T2D,"[0.08031699994206429, 0.08216503385305406, 256, 64, 64, 0.3, 1]",0.6567226890756304
MAML_FFNN,Abundance,Cirrhosis,"[0.03279413020908833, 0.03437030826210976, 1024, 128, 64, 0.5, 1]",0.7563405797101449
