Model Type,Data Type,Dataset,hyperparams,AUC
MAML_FFNN,Abundance,C-T2D,"[0.009757547536492347, 0.040132755702733995, 256, 128, 32, 0.5, 1]",0.7197478991596639
MAML_FFNN,Abundance,Cirrhosis,"[0.006258603569865227, 0.0614321654200554, 512, 256, 32, 0.1, 16]",0.7409420289855073
