Model Type,Data Type,Dataset,hyperparams,AUC
MAML_FFNN,Abundance,Obesity,"[0.014412704342603683, 0.013474401043355465, 256, 256, 128, 0.3, 16]",0.7548262548262549
MAML_FFNN,Abundance,Colorectal,"[0.0756032776117325, 0.0322463753849268, 256, 256, 128, 0.3, 2]",0.8148148148148149
MAML_FFNN,Abundance,IBD,"[0.0494584468215704, 0.07376827811002731, 1024, 64, 32, 0.3, 1]",0.8352941176470587
MAML_FFNN,Abundance,EW-T2D,"[0.02892744202911854, 0.028360028409957886, 256, 256, 128, 0.1, 4]",0.6060606060606061
