Model Type,Data Type,Dataset,hyperparams,AUC
MAML_FFNN,Abundance,EW-T2D,"[0.08289404377937318, 0.023756614755094052, 512, 64, 64, 0.3, 2]",0.6868686868686869
MAML_FFNN,Abundance,C-T2D,"[0.015262351031601428, 0.0950060884833336, 512, 64, 32, 0.1, 8]",0.6088235294117647
